{
	"info": {
		"_postman_id": "34b65c50-3d13-40f6-a4f7-0e7d813a04ab",
		"name": "abm personas node",
		"schema": "https://schema.getpostman.com/json/collection/v2.1.0/collection.json",
		"_exporter_id": "20705247"
	},
	"item": [
		{
			"name": "Personas",
			"item": [
				{
					"name": "Consultar Una",
					"request": {
						"method": "GET",
						"header": [],
						"url": {
							"raw": "http://localhost:8080/personas/10084762",
							"protocol": "http",
							"host": [
								"localhost"
							],
							"port": "8080",
							"path": [
								"personas",
								"10084762"
							]
						}
					},
					"response": []
				},
				{
					"name": "Consultar Todas",
					"request": {
						"method": "GET",
						"header": [],
						"url": {
							"raw": "http://localhost:8080/personas/",
							"protocol": "http",
							"host": [
								"localhost"
							],
							"port": "8080",
							"path": [
								"personas",
								""
							]
						}
					},
					"response": []
				},
				{
					"name": "Agregar Persona",
					"request": {
						"method": "POST",
						"header": [],
						"body": {
							"mode": "raw",
							"raw": "{\r\n    \"documento\": 44897936,\r\n    \"nombre\": \"MAXIMO\",\r\n    \"apellido\": \"BECERRA\",\r\n    \"edad\": 18\r\n}",
							"options": {
								"raw": {
									"language": "json"
								}
							}
						},
						"url": {
							"raw": "http://localhost:8080/personas",
							"protocol": "http",
							"host": [
								"localhost"
							],
							"port": "8080",
							"path": [
								"personas"
							]
						}
					},
					"response": []
				},
				{
					"name": "Modificar Persona",
					"request": {
						"method": "PUT",
						"header": [],
						"body": {
							"mode": "raw",
							"raw": "{\r\n    \"nombre\": \"PEPE\",\r\n    \"apellido\": \"ARGENTO\",\r\n    \"edad\": 56\r\n}",
							"options": {
								"raw": {
									"language": "json"
								}
							}
						},
						"url": {
							"raw": "http://localhost:8080/personas/44897936",
							"protocol": "http",
							"host": [
								"localhost"
							],
							"port": "8080",
							"path": [
								"personas",
								"44897936"
							]
						}
					},
					"response": []
				},
				{
					"name": "Borrar Persona",
					"request": {
						"method": "DELETE",
						"header": [],
						"body": {
							"mode": "raw",
							"raw": "",
							"options": {
								"raw": {
									"language": "json"
								}
							}
						},
						"url": {
							"raw": "http://localhost:8080/personas/44897936",
							"protocol": "http",
							"host": [
								"localhost"
							],
							"port": "8080",
							"path": [
								"personas",
								"44897936"
							]
						}
					},
					"response": []
				}
			]
		},
		{
			"name": "Telefonos",
			"item": [
				{
					"name": "Consultar Uno",
					"request": {
						"method": "GET",
						"header": [],
						"url": {
							"raw": "http://localhost:8080/telefonos/3",
							"protocol": "http",
							"host": [
								"localhost"
							],
							"port": "8080",
							"path": [
								"telefonos",
								"3"
							]
						}
					},
					"response": []
				},
				{
					"name": "Consultar Todos",
					"request": {
						"method": "GET",
						"header": [],
						"url": {
							"raw": "http://localhost:8080/telefonos/",
							"protocol": "http",
							"host": [
								"localhost"
							],
							"port": "8080",
							"path": [
								"telefonos",
								""
							]
						}
					},
					"response": []
				},
				{
					"name": "Agregar Telefono",
					"request": {
						"method": "POST",
						"header": [],
						"body": {
							"mode": "raw",
							"raw": "{\r\n    \"numero\": 3512562340,\r\n    \"id_tipo\": 1,\r\n    \"documento\": 44897936\r\n}",
							"options": {
								"raw": {
									"language": "json"
								}
							}
						},
						"url": {
							"raw": "http://localhost:8080/telefonos",
							"protocol": "http",
							"host": [
								"localhost"
							],
							"port": "8080",
							"path": [
								"telefonos"
							]
						}
					},
					"response": []
				},
				{
					"name": "Modificar Telefono",
					"request": {
						"method": "PUT",
						"header": [],
						"body": {
							"mode": "raw",
							"raw": "{\r\n    \"numero\": 3514206969,\r\n    \"id_tipo\": 2,\r\n    \"documento\": 44897936\r\n}",
							"options": {
								"raw": {
									"language": "json"
								}
							}
						},
						"url": {
							"raw": "http://localhost:8080/telefonos/3",
							"protocol": "http",
							"host": [
								"localhost"
							],
							"port": "8080",
							"path": [
								"telefonos",
								"3"
							]
						}
					},
					"response": []
				},
				{
					"name": "Borrar Telefono",
					"request": {
						"method": "DELETE",
						"header": [],
						"url": {
							"raw": "http://localhost:8080/telefonos/3",
							"protocol": "http",
							"host": [
								"localhost"
							],
							"port": "8080",
							"path": [
								"telefonos",
								"3"
							]
						}
					},
					"response": []
				}
			]
		},
		{
			"name": "Consultas",
			"item": [
				{
					"name": "Telefonos de una Persona",
					"request": {
						"method": "GET",
						"header": [],
						"url": {
							"raw": "http://localhost:8080/personas/44897936/telefonos",
							"protocol": "http",
							"host": [
								"localhost"
							],
							"port": "8080",
							"path": [
								"personas",
								"44897936",
								"telefonos"
							]
						}
					},
					"response": []
				},
				{
					"name": "Telefonos de una Persona por Tipo",
					"request": {
						"method": "GET",
						"header": [],
						"url": {
							"raw": "http://localhost:8080/personas/44897936/telefonos/2",
							"protocol": "http",
							"host": [
								"localhost"
							],
							"port": "8080",
							"path": [
								"personas",
								"44897936",
								"telefonos",
								"2"
							]
						}
					},
					"response": []
				}
			]
		}
	]
}